<?xml version="1.0" encoding="UTF-8"?>
<!DOCTYPE generatorConfiguration
        PUBLIC "-//mybatis.org//DTD MyBatis Generator Configuration 1.0//EN"
        "http://mybatis.org/dtd/mybatis-generator-config_1_0.dtd">

<generatorConfiguration>
    <!--数据库驱动jar -->
    <classPathEntry location="E:/JAR/mysql-connector-java-5.1.7-bin.jar" />

    <context id="DB2Tables" targetRuntime="MyBatis3">
        <!--去除注释  -->
        <commentGenerator>
            <property name="suppressAllComments" value="true" />
        </commentGenerator>

        <!--数据库连接 -->
        <jdbcConnection driverClass="com.mysql.jdbc.Driver"
                        connectionURL="jdbc:mysql://localhost:3306/squirrel"
                        userId="squirrel"
                        password="lduyfla">
        </jdbcConnection>
        <javaTypeResolver >
            <property name="forceBigDecimals" value="false" />
        </javaTypeResolver>

        <!--生成实体类） -->
        <javaModelGenerator targetPackage="com.ldu.pojo" targetProject="E:/IntelliJ_Project/squirrel/src/main/java">
            <property name="enableSubPackages" value="false" />
            <property name="trimStrings" value="true" />
        </javaModelGenerator>
        <!--生成SQLMAP文件 -->
        <sqlMapGenerator targetPackage="mapper"  targetProject="E:/IntelliJ_Project/squirrel/src/main/resources">
            <property name="enableSubPackages" value="false" />
        </sqlMapGenerator>
        <!--生成xml映射文件-->
        <javaClientGenerator type="XMLMAPPER" targetPackage="com.ldu.dao"  targetProject="E:/IntelliJ_Project/squirrel/src/main/java">
            <property name="enableSubPackages" value="false" />
        </javaClientGenerator>
        <!--对应数据库表 mysql可以加入主键自增 字段命名 忽略某字段等-->
        <table tableName="user" domainObjectName="User" enableCountByExample="false" enableUpdateByExample="false" enableDeleteByExample="false" enableSelectByExample="false" selectByExampleQueryId="false"></table>
        <table tableName="catelog" domainObjectName="Catelog" enableCountByExample="false" enableUpdateByExample="false" enableDeleteByExample="false" enableSelectByExample="false" selectByExampleQueryId="false"></table>
        <table tableName="goods" domainObjectName="Goods" enableCountByExample="false" enableUpdateByExample="false" enableDeleteByExample="false" enableSelectByExample="false" selectByExampleQueryId="false"></table>
        <table tableName="image" domainObjectName="Image" enableCountByExample="false" enableUpdateByExample="false" enableDeleteByExample="false" enableSelectByExample="false" selectByExampleQueryId="false"></table>
        <table tableName="comments" domainObjectName="Comments" enableCountByExample="false" enableUpdateByExample="false" enableDeleteByExample="false" enableSelectByExample="false" selectByExampleQueryId="false"></table>
        <table tableName="notice" domainObjectName="Notice" enableCountByExample="false" enableUpdateByExample="false" enableDeleteByExample="false" enableSelectByExample="false" selectByExampleQueryId="false"></table>
        <table tableName="reply" domainObjectName="Reply" enableCountByExample="false" enableUpdateByExample="false" enableDeleteByExample="false" enableSelectByExample="false" selectByExampleQueryId="false"></table>

    </context>
</generatorConfiguration>