<?xml version="1.0" encoding="UTF-8"?>
<beans xmlns:xsi="http://www.w3.org/2001/XMLSchema-instance"
       xmlns="http://www.springframework.org/schema/beans"
       xmlns:context="http://www.springframework.org/schema/context"
       xmlns:p="http://www.springframework.org/schema/p"
       xmlns:tx="http://www.springframework.org/schema/tx"
       xmlns:mvc="http://www.springframework.org/schema/mvc"
       xmlns:aop="http://www.springframework.org/schema/aop"
       xsi:schemaLocation="http://www.springframework.org/schema/beans
	http://www.springframework.org/schema/beans/spring-beans-4.0.xsd
	http://www.springframework.org/schema/tx
	http://www.springframework.org/schema/tx/spring-tx-4.0.xsd
	http://www.springframework.org/schema/context
	http://www.springframework.org/schema/context/spring-context-4.0.xsd
	http://www.springframework.org/schema/mvc
	http://www.springframework.org/schema/mvc/spring-mvc.xsd
	http://www.springframework.org/schema/aop
	http://www.springframework.org/schema/aop/spring-aop-4.0.xsd">

<!-- 自动扫描该包，使SpringMVC认为包下用了@controller注解的类是控制器 -->
<context:component-scan base-package="com.ldu.*" />
    
    <!-- 处理请求时返回json字符串的中文乱码问题 -->
    <mvc:annotation-driven>
        <mvc:message-converters>
            <bean class="org.springframework.http.converter.StringHttpMessageConverter">
                <property name="supportedMediaTypes">
                    <list>
                        <value>application/json;charset=UTF-8</value>
                    </list>
                </property>
            </bean>
            <bean id="fastJsonHttpMessageConverter" class="com.alibaba.fastjson.support.spring.FastJsonHttpMessageConverter">
                <property name="supportedMediaTypes">
                    <list>
                        <value>application/json;charset=UTF-8</value>
                    </list>
                </property>
            </bean>
        </mvc:message-converters>
    </mvc:annotation-driven>
    <!-- 静态资源访问（不拦截此目录下的东西的访问） -->
    <mvc:resources location="/js/"  mapping="/js/**" />
    <mvc:resources location="/css/"  mapping="/css/**" />
    <mvc:resources location="/img/"  mapping="/img/**" />
    <mvc:resources location="/fonts/"  mapping="/fonts/**" />
    <mvc:resources location="/font-awesome/"  mapping="/font-awesome/**" />
     <mvc:resources location="/pages/"  mapping="/pages/register.jsp" />
    <mvc:resources location="/WEB-INF/pages/error/" mapping="/WEB-INF/pages/error/**"/> 
    <mvc:resources location="/upload/" mapping="/upload/**"/> 
    
    <!-- 视图解析器 -->
    <bean id="viewResolver" class="org.springframework.web.servlet.view.InternalResourceViewResolver">
        <property name="prefix" value="/WEB-INF/pages/"></property>
        <property name="suffix" value=".jsp"></property>
    </bean>
    <!-- 文件上传 -->
    <bean id="multipartResolver"
          class="org.springframework.web.multipart.commons.CommonsMultipartResolver">
        <!-- 设置上传文件的最大尺寸为5MB -->
        <property name="maxUploadSize">
            <value>5242880</value>
        </property>
    </bean>
</beans>