<?xml version="1.0" encoding="UTF-8" ?>
<!DOCTYPE mapper PUBLIC "-//mybatis.org//DTD Mapper 3.0//EN" "http://mybatis.org/dtd/mybatis-3-mapper.dtd" >
<mapper namespace="com.ldu.dao.FocusMapper" >
  <resultMap id="BaseResultMap" type="com.ldu.pojo.Focus" >
    <id column="id" property="id" jdbcType="INTEGER" />
    <result column="goods_id" property="goodsId" jdbcType="INTEGER" />
    <result column="user_id" property="userId" jdbcType="INTEGER" />
  </resultMap>
  
  <select id="getFocusByUserId" resultMap="BaseResultMap">
  select * from focus where user_id = #{user_id,jdbcType=INTEGER}
  </select>
  
  <delete id="deleteFocusByUserIdAndGoodsId" parameterType="java.lang.Integer">
  delete from focus where goods_id=#{0} and user_id=#{1}
  </delete>
  
  <insert id="addFocusByUserIdAndGoodsId" parameterType="java.lang.Integer">
   INSERT INTO focus(goods_id,user_id) VALUES(#{0},#{1});
  </insert>

</mapper>